id,first_name,last_name,email,ip_address
1,Ferrel,Salvage,fsalvage0@123-reg.co.uk,35.41.93.20
2,Yorker,Rymill,yrymill1@soup.io,212.52.67.155
3,Elihu,Doyley,edoyley2@springer.com,248.194.139.150
4,Chev,Ketton,cketton3@mlb.com,169.254.109.20
5,Barnebas,Peer,bpeer4@gizmodo.com,172.20.216.111
6,Ruthy,Tarver,rtarver5@ibm.com,176.183.54.81
7,Winona,Full,wfull6@reuters.com,31.154.155.80
8,Marcia,Churches,mchurches7@foxnews.com,5.95.219.74
9,Amil,Poytress,apoytress8@plala.or.jp,92.142.115.246
10,Bernita,Stegel,bstegel9@vkontakte.ru,214.47.181.202
11,Reinald,Barrett,rbarretta@go.com,86.243.194.101
12,Samson,Rimer,srimerb@jigsy.com,145.112.63.129
13,Ed,Gianni,egiannic@barnesandnoble.com,55.30.130.33
14,Hartwell,Hadeke,hhadeked@moonfruit.com,198.168.47.98
15,Giffard,Cawsey,gcawseye@army.mil,224.64.243.77
16,Lacee,Rowden,lrowdenf@cam.ac.uk,41.182.183.172
17,Jessalin,Adcocks,jadcocksg@tiny.cc,53.139.34.156
18,Gill,Barnewall,gbarnewallh@sina.com.cn,103.246.37.239
19,Mendy,Koenraad,mkoenraadi@tuttocitta.it,46.217.144.66
20,Cristin,Crummay,ccrummayj@hibu.com,101.203.204.253
21,Lazar,Hadgraft,lhadgraftk@dion.ne.jp,95.53.229.251
22,Aveline,Pridham,apridhaml@epa.gov,9.141.112.82
23,Cece,O'Tierney,cotierneym@tinyurl.com,5.175.179.40
24,Lil,Borsnall,lborsnalln@clickbank.net,202.107.231.9
25,Tomaso,Roelofsen,troelofseno@fotki.com,60.24.60.199
26,Lorine,Ravenscraft,lravenscraftp@geocities.jp,163.223.126.220
27,Jefferey,Rawlyns,jrawlynsq@vk.com,200.30.15.82
28,Cirillo,Boakes,cboakesr@fotki.com,133.97.90.255
29,Jozef,Shelmerdine,jshelmerdines@engadget.com,43.19.94.115
30,Trude,Flecknoe,tflecknoet@wordpress.com,60.241.239.45
31,Derry,Simoes,dsimoesu@vkontakte.ru,142.22.151.136
32,Bev,Broadley,bbroadleyv@pagesperso-orange.fr,242.65.196.32
33,Sumner,Donat,sdonatw@cnet.com,20.236.246.246
34,Rowland,Conquer,rconquerx@go.com,3.149.237.222
35,Jolyn,Chaunce,jchauncey@cocolog-nifty.com,167.216.131.58
36,Allx,Lohden,alohdenz@usgs.gov,134.18.83.118
37,Shawn,Kryzhov,skryzhov10@ocn.ne.jp,129.22.71.62
38,Lorens,Brun,lbrun11@skyrock.com,146.192.110.178
39,Danyette,Radbone,dradbone12@statcounter.com,91.79.76.75
40,Lorelei,Asser,lasser13@youtu.be,196.95.190.242
41,Felicio,Wogdon,fwogdon14@digg.com,132.76.88.123
42,Tandie,Itzig,titzig15@fema.gov,204.234.242.204
43,Marsiella,Biggadike,mbiggadike16@oracle.com,141.171.148.116
44,John,Naden,jnaden17@google.ru,49.7.56.33
45,Olvan,Cartlidge,ocartlidge18@google.de,145.50.163.245
46,Gordie,Hartles,ghartles19@printfriendly.com,89.214.195.123
47,Pierette,Barrowclough,pbarrowclough1a@marriott.com,72.90.10.66
48,Rori,Thewys,rthewys1b@geocities.com,193.27.167.242
49,Elroy,Arp,earp1c@sbwire.com,3.216.186.102
50,Ike,Mallett,imallett1d@youku.com,84.243.121.252
51,Ody,Maffey,omaffey1e@example.com,200.224.3.205
52,Esmeralda,Keaysell,ekeaysell1f@typepad.com,30.209.82.253
53,Bertram,Rule,brule1g@loc.gov,117.224.27.76
54,Britni,Labarre,blabarre1h@bizjournals.com,173.37.241.168
55,Therine,Stockley,tstockley1i@reuters.com,225.222.4.193
56,Johnathon,Newitt,jnewitt1j@so-net.ne.jp,13.93.178.191
57,Morgan,Santacrole,msantacrole1k@unblog.fr,28.175.223.135
58,Katrinka,Rojel,krojel1l@dagondesign.com,199.50.32.57
59,Nilson,Hyder,nhyder1m@army.mil,238.29.233.243
60,Pyotr,Kearle,pkearle1n@apple.com,4.37.181.96
61,Zea,Rawcliff,zrawcliff1o@webmd.com,23.151.193.160
62,Darbie,Hanbury,dhanbury1p@example.com,118.154.15.70
63,Sarena,Oak,soak1q@pcworld.com,158.243.17.17
64,Tirrell,Tidball,ttidball1r@mac.com,190.241.127.166
65,Cozmo,Jerwood,cjerwood1s@mashable.com,26.253.238.252
66,Bartolomeo,Semaine,bsemaine1t@vistaprint.com,39.40.115.65
67,Lothaire,Dilgarno,ldilgarno1u@comsenz.com,254.68.170.232
68,Maurita,Meggison,mmeggison1v@bigcartel.com,232.69.105.229
69,Inessa,Ashburne,iashburne1w@ow.ly,51.18.241.140
70,Caitrin,Covolini,ccovolini1x@tumblr.com,236.171.78.122
71,Belva,Joontjes,bjoontjes1y@hao123.com,240.157.38.138
72,Brooks,Brabon,bbrabon1z@domainmarket.com,83.248.250.77
73,Suellen,Meharry,smeharry20@biblegateway.com,223.212.187.109
74,Ashlen,Bantham,abantham21@biblegateway.com,228.109.106.46
75,Boigie,Pryke,bpryke22@washingtonpost.com,138.184.179.38
76,Tiebout,Maylour,tmaylour23@weather.com,58.83.172.185
77,Valentia,Traise,vtraise24@techcrunch.com,114.66.127.23
78,Allen,Snap,asnap25@ocn.ne.jp,207.96.131.93
79,Andres,Mattingson,amattingson26@npr.org,2.184.50.81
80,Allan,Janman,ajanman27@economist.com,155.135.33.166
81,Sibeal,Pinkett,spinkett28@smh.com.au,47.37.185.85
82,Ruby,Losel,rlosel29@scientificamerican.com,237.211.68.26
83,Fancy,Tawton,ftawton2a@artisteer.com,135.9.156.6
84,Barr,Commuzzo,bcommuzzo2b@salon.com,42.199.66.243
85,Towny,Ortiger,tortiger2c@domainmarket.com,159.91.160.97
86,Ferdinanda,Keasley,fkeasley2d@dedecms.com,34.229.66.58
87,Richmound,Neeves,rneeves2e@un.org,153.87.239.241
88,Sebastiano,Tuftin,stuftin2f@admin.ch,153.136.202.230
89,Tarah,Showers,tshowers2g@cdc.gov,191.234.189.128
90,Janey,Grewe,jgrewe2h@mashable.com,167.153.193.75
91,Michel,Astlett,mastlett2i@zimbio.com,246.250.94.164
92,Emory,Valdes,evaldes2j@yellowpages.com,52.144.4.0
93,Wyndham,Lorroway,wlorroway2k@illinois.edu,104.132.103.185
94,Owen,Daye,odaye2l@gravatar.com,127.207.134.219
95,Elysia,Sirman,esirman2m@ustream.tv,118.214.129.33
96,Sherlocke,Pledge,spledge2n@studiopress.com,105.189.114.94
97,Curtice,Winslett,cwinslett2o@businesswire.com,144.79.88.115
98,Demott,Goodfield,dgoodfield2p@upenn.edu,96.168.215.106
99,Vassili,Roundtree,vroundtree2q@reddit.com,13.147.227.218
100,Madalena,De Banke,mdebanke2r@utexas.edu,35.255.54.48
